label,dice,hd
1,0.6664445184938355,1.4142135381698608
2,0.6664445184938355,1.0
1,0.7998400319936012,1.0
